x_mid_m,T_h_bulk_K,T_c_bulk_K,T_wall_hot_K,T_wall_cold_K,T_h_bulk_C,T_c_bulk_C,T_wall_hot_C,T_wall_cold_C,wall_delta_T_K,q_flux_wall_Wm2,q_flux_cell_actual_Wm2,q_flux_to_atm_CHF_ref,exceeds_atm_CHF_ref,h_hot,h_cold,U,Re_hot,Re_cold,Nu_hot,Nu_cold,f_hot,f_cold,v_hot,v_cold,q_node,q_cum,dP_h,dP_c,x_cold,x_di_del_col,x_over_x_di,R_LL,dryout,active_correlation,phase_cold,subcooled_boiling,T_sat_cold_K,T_sat_cold_C,T_wall_cold_est_K,T_wall_cold_est_C,wall_superheat_sat_K,delta_T_onb_K,Ja_star,psi_subcooled,psi_subcooled_raw,h_sp_l_subcooled,h_cold_pre_dryout,h_cold_post_dryout,dryout_weight,q_flux_est_Wm2
0.04266331227620442,600.0,563.15,597.3923044129414,594.1389373797151,326.85,290.0,324.2423044129414,320.98893737971514,3.2533670332262545,65067.340664524396,65067.3406645244,0.0650673406645244,False,24952.04616192059,2099.695767790877,1765.7351605026963,34157.20853922661,20580.862691450155,97.05713281592963,72.60134677067923,0.022610611810905172,0.02556476107997412,2.0,6.868628559908446,34.88409746909257,34.88409746909257,1272.1858493044888,740.1251993553144,-1.0,,,,False,Dittus-Boelter,single,False,,,,,,,,,,,2099.695767790877,2099.695767790877,0.0,
0.12798993682861326,598.711913709215,550.1491371462877,594.9747746294789,590.3310495240437,325.561913709215,276.9991371462877,321.82477462947895,317.1810495240437,4.643725105435237,92874.50210870313,92874.50210870313,0.09287450210870314,False,24851.764980408927,2311.3509689528046,1912.462768440701,33904.27546430849,21342.721099161285,96.16121528452223,78.49990314697733,0.0226501722337657,0.025334037906198793,1.9884866115154989,6.458894907421734,49.79215610881498,84.67625357790754,1267.075317516049,689.6933771598393,-1.0,,,,False,Dittus-Boelter,single,False,,,,,,,,,,,2311.3509689528046,2311.3509689528046,0.0,
0.21331656138102212,596.8444992022978,548.7505382920589,593.1934563017732,588.6815393972983,323.69449920229783,275.6005382920589,320.0434563017732,315.5315393972983,4.5119169044749015,90238.33808949827,90238.33808949828,0.09023833808949827,False,24715.77041084116,2259.856642503711,1876.2924987175893,33549.461374714745,20622.02043641858,94.9292991236515,7.702696572118532,0.022706345516295964,0.025551998429406045,1.9724902637936461,6.122301591131736,48.37884796295749,133.05510154086502,1259.999466737362,659.3758140183672,0.9532428283423457,0.7751338379062404,1.2297783708129761,1.1334449532585276,True,Dougall-Rohsenow,two-phase,False,548.7505382920589,275.6005382920589,,,,,,,,,501055.28065036214,2259.856642503711,1.0,164371.32347841913
0.298643185933431,594.9984708516776,548.7577076000725,591.5896182623975,587.3982760587459,321.8484708516776,275.60770760007256,318.4396182623975,314.2482760587459,4.1913422036516295,83826.844073034,83826.844073034,0.083826844073034,False,24590.9266762219,2169.3998669478196,1812.8343517367084,33211.40897253079,19764.087649212208,93.78149903372103,7.394491825910396,0.022760618175964156,0.025825531953840887,1.9574209200305344,5.816486150335903,44.94149859676791,177.99660013763292,1253.3620184522574,633.1453120837152,0.9036221051139739,0.7770030976776052,1.1629581758616174,1.1816031461356722,True,Dougall-Rohsenow,two-phase,False,548.7577076000725,275.60770760007256,,,,,,,,,479779.19762194407,2169.3998669478196,1.0,157928.05506595023
0.3839698104858398,593.2566897254525,548.7645911411005,589.5869566624492,585.0950745192073,320.1066897254525,275.6145911411005,316.43695666244923,311.9450745192073,4.491882143241924,89837.64286483686,89837.64286483686,0.08983764286483686,False,24480.702362398395,2472.7896386584844,2019.1819609163824,32902.92624324966,18967.102226993968,92.75519318134276,8.428735942153606,0.02281080025794522,0.026094698001191827,1.9438188542719246,5.532431863266503,48.16402603955114,226.16062617718407,1247.3966199911365,608.5016642945924,0.8575244813713582,0.778839003188285,1.1010291958427394,1.2307565614214486,True,Dryout transition,two-phase,False,548.7645911411005,275.6145911411005,,,,,,,,,459950.8206261475,2084.5070974838172,0.9683476809006465,151861.99853649302
0.46929643503824864,591.3623183499092,548.771206234386,582.1606709429897,570.9493556334792,318.2123183499092,275.621206234386,309.0106709429897,297.7993556334792,11.211315309510496,224226.30619020973,115785.52942255943,0.22422630619020972,False,24368.061095407127,10110.235175860891,5264.62670385369,32577.874200763676,18112.997442281834,91.69461954426322,34.46218669535606,0.022864371808423645,0.026401032304021025,1.9296434958012882,5.2281343237250475,62.075284661037436,288.2359108382215,1241.2081103446633,581.7830539848529,0.8081187525660408,0.7809264568055394,1.0348205589957016,1.2888328083880745,True,Dryout transition,two-phase,False,548.771206234386,275.621206234386,,,,,,,,,438656.00949245243,1992.5308719983886,0.6989155799214395,145280.95194201366
0.5546230595906575,588.880194224671,548.7775303876302,572.2075274114045,552.0083448748347,315.730194224671,275.62753038763026,299.0575274114045,278.85834487483476,20.199182536569765,403983.65073139436,115785.52942255943,0.40398365073139436,False,24230.295924221475,125040.80699506444,10073.736058357697,32166.824747779232,17012.284379704783,90.38276311697683,426.22543349894994,0.02293316255796974,0.026826588151440504,1.9119540273172375,4.836206001222801,62.075284661037436,350.31119549925893,1233.5298006165322,546.8442563573166,0.7444401441587662,0.7838227764444858,0.9497556929075678,1.3733191158709475,False,Dryout transition,two-phase,False,548.7775303876302,275.62753038763026,,,,,,,,,408698.9751452936,1872.3461418695001,0.21990079206047608,136684.90259985274
0.6399496841430663,586.3541174777138,548.7834743191154,569.7938971996498,549.8389435087619,313.2041174777138,275.6334743191154,296.6438971996498,276.6889435087619,19.95495369088792,399099.0738177592,115785.52942255943,0.3990990738177592,False,24099.865045057075,378124.79770389694,10622.630869879633,31764.0715210365,15911.58501135846,89.12772887160841,1288.9272680815493,0.023001730205673906,0.027292058315708433,1.8948831575375453,4.444373678969746,62.075284661037436,412.38648016029634,1226.1714272099748,511.25819086638916,0.6807586064241518,0.7869721433078312,0.8650352013258835,1.4709623149981916,False,Chen,two-phase,False,548.7834743191154,275.6334743191154,,,,,,,,,378124.79770389694,1750.1775699952939,0.0,127958.28262969863
0.7252763086954752,583.7860147039514,548.7890310733787,568.3525502532891,549.8510839912651,310.63601470395145,275.63903107337876,295.20255025328913,276.70108399126514,18.501466262023996,370029.32524048036,115785.52942255943,0.3700293252404804,False,23975.778505428207,348409.49919604865,10573.177652865772,31368.97189286007,14810.899690443523,87.9243669104718,1187.6501544465264,0.02307014982962066,0.027804480071391302,1.8783940625317668,4.052631792554187,62.075284661037436,474.46176482133376,1219.1169593460052,474.94721670598847,0.6170744303218845,0.7904128957053574,0.7806988393973667,1.5849540169037142,False,Chen,two-phase,False,548.7890310733787,275.63903107337876,,,,,,,,,348409.49919604865,1625.8159758984693,0.0,119106.54131999564
0.810602933247884,581.1776905282213,548.794192847791,566.8966547189718,549.861400740273,308.02769052822134,275.64419284779103,293.74665471897185,276.711400740273,17.035253978698847,340705.0795739765,115785.52942255943,0.3407050795739765,False,23857.168634316327,319249.025399935,10520.94751889226,30980.933341881173,13710.228805712704,86.76813803737662,1088.2609280425174,0.023138493883617946,0.028372798300299217,1.8624530805979704,3.6609746887000605,62.075284661037436,536.5370494823712,1212.3518468964896,437.81669515993553,0.5533879148228907,0.7941933339579661,0.6967924448131664,1.7196127352453712,False,Chen,two-phase,False,548.794192847791,275.64419284779103,,,,,,,,,319249.025399935,1499.0069522234983,0.0,110134.89119934627
0.8959295578002928,578.5308381768264,548.7989508077547,565.426728277994,549.8700077510174,305.3808381768264,275.6489508077548,292.27672827799404,276.7200077510174,15.55672052697662,311134.4105395312,115785.52942255943,0.3111344105395312,False,23743.269320967345,290492.8748155517,10464.670697736687,30599.407676786865,12609.572788935544,85.65501840214195,990.2468545868786,0.023206832686935183,0.029008593823082365,1.8470293634337132,3.2693966138761423,62.075284661037436,598.6123341434087,1205.862867231953,399.74929548631735,0.48969936821656884,0.7983754143475956,0.6133697999915666,1.880926784411156,False,Chen,two-phase,False,548.7989508077547,275.6489508077548,,,,,,,,,290492.8748155517,1369.4351198733743,0.0,101048.32410979953
0.9812561823527017,575.8470487430434,548.8032948400153,563.9432161296181,549.8768144619572,302.6970487430434,275.6532948400153,290.79321612961814,276.72681446195725,14.066401667660898,281328.03335321933,115785.52942255943,0.2813280333532193,False,23633.39963600758,262061.37978579337,10402.699061749661,30223.88611668778,11508.93212485335,84.58142272141396,893.3366396956951,0.02327523485105952,0.029727185541006205,1.832094575852352,2.8778917004406126,62.075284661037436,660.6876188044462,1199.6379933527778,360.5966285665636,0.4260091097954861,0.8030403301697353,0.5304952862148808,2.077443815844396,False,Chen,two-phase,False,548.8032948400153,275.6532948400153,,,,,,,,,262061.37978579337,1236.7002956044619,0.0,91851.6270819134
1.0665828069051106,573.127819414537,548.8072132150483,562.4464966366011,549.881548912471,299.97781941453707,275.6572132150483,289.2964966366011,276.731548912471,12.564947724130093,251298.95448260204,115785.52942255943,0.25129895448260203,False,23526.95070705114,233911.01597522636,10332.75866651236,29853.89506885543,10408.307364788443,83.5441416649629,797.3821874385976,0.02334376765722534,0.030549357584961457,1.817622635385869,2.486453949472343,62.075284661037436,722.7629034654836,1193.6662795595114,320.1665260180896,0.36231747208017884,0.8082972645857749,0.44824780183544766,2.321795414617996,False,Chen,two-phase,False,548.8072132150483,275.6572132150483,,,,,,,,,233911.01597522636,1100.2796957315593,0.0,82549.3980474284
1.1519094314575193,570.3745608545088,548.8106921112001,560.9368598212866,549.8837192666417,297.2245608545088,275.6606921112001,287.7868598212866,276.73371926664174,11.05314055464487,221062.8110928972,115785.52942255943,0.22106281109289722,False,23423.375069280326,206017.90921302474,10251.537593943718,29488.992482243168,9307.699145803395,82.54029020863827,702.3023841133011,0.023412497394929108,0.031504180632528404,1.80358948508077,2.0950772090239744,62.075284661037436,784.8381881265211,1187.9377617718487,278.2028935882117,0.29862480384359447,0.8142977492284091,0.3667267951146341,2.6334559507691098,False,Chen,two-phase,False,548.8106921112001,275.6606921112001,,,,,,,,,206017.90921302474,959.4643591605536,0.0,73146.06151397599
1.2372360560099283,567.5886038755476,548.8137149198924,559.4144534528726,549.8825039252757,294.43860387554764,275.6637149198924,286.26445345287266,276.73250392527575,9.531949527596908,190638.99055193906,115785.52942255943,0.19063899055193906,False,23322.177926052005,178369.15386640807,10153.93438556217,29128.76468255864,8207.108218639862,81.5672646038303,608.0535075506199,0.02348148966911844,0.032633857572238634,1.7899728942287374,1.7037551458347182,62.075284661037436,846.9134727875586,1182.4433702274755,234.35218968205632,0.23493147436849313,0.8212605578692427,0.28606204464271595,3.0440803668623895,False,Chen,two-phase,False,548.8137149198924,275.6637149198924,,,,,,,,,178369.15386640807,813.2436541945997,0.0,63645.88445659964
1.3225626805623372,564.7712055087122,548.8162611865546,557.8791692513684,549.8765123981171,291.62120550871225,275.6662611865546,284.7291692513684,276.72651239811717,8.00265685325121,160053.1370650253,115785.52942255943,0.1600531370650253,False,23222.90990481653,150957.749747959,10031.56976503825,28772.823614693585,7106.535490248831,80.6227062119011,514.6119703783539,0.023550809681949756,0.03400257727781154,1.776752282834181,1.3124812073142567,62.075284661037436,908.9887574485961,1177.1748527501372,188.1041388568168,0.17123787970201595,0.8295179838872787,0.20643058140772638,3.608744647255132,False,Chen,two-phase,False,548.8162611865546,275.6662611865546,,,,,,,,,150957.749747959,660.0721575960963,0.0,54052.99291297449
1.4078893051147459,561.9235545454451,548.8183049073133,556.3303919449484,549.8632526632546,288.7735545454451,275.6683049073133,283.1803919449484,276.7132526632546,6.46713928169379,129342.78563387724,115785.52942255943,0.12934278563387724,False,23125.16099968047,123779.18886228887,9869.54000918334,28420.80443318943,6005.982092099617,79.70447087844329,421.9626871887852,0.023620522493726714,0.035714012044826354,1.7639085664170886,0.9212485683034859,62.075284661037436,971.0640421096335,1172.1247071198486,138.67842100353568,0.10754445234902117,0.8396100781775991,0.1280885677104423,4.432399744862611,False,Chen,two-phase,False,548.8183049073133,275.6683049073133,,,,,,,,,123779.18886228887,497.3201529210737,0.0,44371.390237821666
1.4932159296671548,559.0467766127657,548.8198115944176,554.7663794964918,549.8378113757241,285.89677661276573,275.66981159441764,281.61637949649185,276.6878113757241,4.92856812076775,98571.3624153544,98571.3624153544,0.0985713624153544,False,23028.555467573202,96828.47111111594,9638.378760317308,28072.36339261357,4905.449497703722,78.8106028296287,330.08890455682763,0.02369069326670911,0.0379496529864388,1.7514240183567262,0.5300500524139143,52.84637391110142,1023.9104160207349,1167.286121339848,84.7848219072337,0.04385167736429936,0.8525020675073485,0.05143879297855353,5.742458328678024,False,Chen,two-phase,False,548.8198115944176,275.66981159441764,,,,,,,,,96828.47111111594,319.5958428530844,0.0,34604.9790268535
1.5785425542195637,556.5755308113252,545.6794589258806,554.9717815679803,553.1317231810373,283.4255308113252,272.5294589258806,281.82178156798034,279.9817231810373,1.840058386943042,36801.16773886065,36801.16773886065,0.03680116773886065,False,22946.958754042076,4938.253191088267,3377.4710855222143,27778.31662741932,4089.1855941044696,78.06753133798617,16.710060180570746,0.02375083852387007,0.04014410151885278,1.7410667820966572,0.2587481354563452,19.72995221977424,1043.6403682405091,1163.3291959449978,43.78167699786153,-1.0,,,,False,Baburajan,subcooled-boiling,True,548.8207327354452,275.6707327354452,553.1317231810373,279.9817231810373,4.310990445592097,0.3000591203994836,0.061797178458943676,1.0,0.5736392880293859,4938.253191088267,4938.253191088267,4938.253191088267,0.0,36801.16773886065
1.6638691787719724,555.6477610098527,539.4512494999236,553.2668269269797,550.5386785303041,282.49776100985275,266.30124949992364,280.1168269269797,277.3886785303041,2.7281483966755786,54562.96793351013,54562.96793351013,0.054562967933510134,False,22916.622650748966,4921.156003254046,3368.8098761304773,27669.160813500028,3976.509256708103,77.79427943818575,16.421067206315005,0.02377338662430644,0.04049779485639335,1.7372639125465708,0.25505922918393503,29.252461713611858,1072.892829954121,1161.8902374072031,43.53773587999031,-1.0,,,,False,Baburajan,subcooled-boiling,True,548.8212083956925,275.6712083956925,550.5386785303041,277.3886785303041,1.7174701346116308,0.3658032716805268,0.06057524843120369,1.0,0.8134524193208076,4921.156003254046,4921.156003254046,4921.156003254046,0.0,54562.96793351013
